customer_id,customer_name,email,country,signup_date
1,Beverly Mallam,bmallam0@privacy.gov.au,Canada,12/5/2025
2,Claretta Craghead,ccraghead1@t-online.de,Philippines,10/7/2025
3,Lyndy Riba,,,10/21/2025
4,Melita Autie,,Philippines,9/14/2025
5,Ellerey de Juares,ede4@ted.com,Philippines,3/1/2026
6,Ag Hamshar,ahamshar5@so-net.ne.jp,United States,11/21/2025
7,Alric Pasquale,apasquale6@berkeley.edu,United Kingdom,8/17/2025
8,Zebulen Mewburn,zmewburn7@bing.com,,10/11/2025
9,Modesty Perillo,mperillo8@smugmug.com,United States,2/18/2026
10,Brocky Tong,btong9@state.tx.us,Japan,7/6/2025
11,Shepard Potticary,spotticarya@gmpg.org,,11/8/2025
12,Rivkah Witling,rwitlingb@about.com,Philippines,3/12/2026
13,Reiko Bolduc,rbolducc@paypal.com,Japan,1/11/2026
14,Charissa Ansett,cansettd@arizona.edu,United States,10/20/2025
15,Bethanne Hutt,,Japan,1/18/2026
16,Elston Brownsey,ebrownseyf@elegantthemes.com,Philippines,3/20/2025
17,Merrel Laidler,mlaidlerg@unblog.fr,Philippines,6/2/2025
18,Tate Breslin,,Philippines,11/18/2025
19,Dwayne Keitley,dkeitleyi@issuu.com,,4/18/2025
20,Beilul Meffin,bmeffinj@plala.or.jp,United States,11/4/2025
21,Marybelle Turnpenny,mturnpennyk@examiner.com,Philippines,6/20/2025
22,Rickert Oak,roakl@rediff.com,,10/28/2025
23,Rhoda Orpyne,,Philippines,2/3/2026
24,Cooper Jobke,cjobken@senate.gov,Philippines,4/15/2025
25,Roman Richardet,rrichardeto@google.pl,United States,7/23/2025
26,Georgia Keysall,gkeysallp@webeden.co.uk,United States,11/19/2025
27,Marietta Enright,menrightq@4shared.com,Canada,2/22/2026
28,Lilia Siss,lsissr@nps.gov,Philippines,10/14/2025
29,Madison Matusov,,United States,10/2/2025
30,Dianna Tschierse,dtschierset@ifeng.com,Philippines,11/8/2025
31,Toddy Bannester,tbannesteru@cpanel.net,Canada,9/17/2025
32,Eyde Falco,efalcov@economist.com,United States,4/10/2025
33,Jinny Challens,jchallensw@nifty.com,Philippines,9/19/2025
34,Owen Pardey,opardeyx@salon.com,Japan,8/9/2025
35,Monro Duffie,mduffiey@google.it,,11/4/2025
36,Drusy Reace,dreacez@fc2.com,United States,6/11/2025
37,Orlando O' Cloney,oo10@cpanel.net,Philippines,3/11/2026
38,Mariele Macknish,mmacknish11@nature.com,Japan,3/4/2026
39,Case Stiven,cstiven12@rakuten.co.jp,United States,7/3/2025
40,Glen Durward,,Philippines,6/22/2025
41,Jared Ridsdole,jridsdole14@is.gd,Japan,5/8/2025
42,Milt McEwen,mmcewen15@issuu.com,United States,7/2/2025
43,Ingeborg Doddridge,idoddridge16@rambler.ru,United States,3/15/2025
44,Derrik Barkly,dbarkly17@bing.com,Philippines,4/13/2025
45,Crosby Husbands,chusbands18@nyu.edu,United States,10/28/2025
46,Merola Motion,mmotion19@parallels.com,Philippines,12/8/2025
47,Cecelia Heeps,cheeps1a@ebay.co.uk,Canada,3/23/2025
48,Ambros BURWIN,aburwin1b@woothemes.com,Philippines,3/26/2025
49,Rozanna Hakey,rhakey1c@usnews.com,United States,8/4/2025
50,Joann Marland,jmarland1d@wisc.edu,Philippines,8/28/2025
51,Lise Scocroft,lscocroft1e@icio.us,Philippines,11/2/2025
52,Lu Breit,lbreit1f@scientificamerican.com,United States,1/14/2026
53,Ruttger Maggiore,rmaggiore1g@foxnews.com,Philippines,8/11/2025
54,Eyde Cunney,ecunney1h@symantec.com,Philippines,4/30/2025
55,Julio Gyurko,jgyurko1i@hhs.gov,,4/14/2025
56,Shela Wornham,swornham1j@go.com,Philippines,5/30/2025
57,Aloisia Hulett,ahulett1k@cocolog-nifty.com,,7/16/2025
58,Claudie Maskell,cmaskell1l@canalblog.com,,2/21/2026
59,Frank McGrann,fmcgrann1m@wikispaces.com,Philippines,4/20/2025
60,Urbain Lark,ulark1n@icio.us,United States,10/24/2025
61,Ronna Breyt,rbreyt1o@is.gd,,4/6/2025
62,Torrey Leggatt,tleggatt1p@360.cn,United States,2/8/2026
63,Sawyere Warner,swarner1q@symantec.com,Canada,12/25/2025
64,Greer Gunton,ggunton1r@last.fm,Philippines,9/24/2025
65,Wilmette Lauret,wlauret1s@163.com,Philippines,7/18/2025
66,Charity Churchyard,cchurchyard1t@miibeian.gov.cn,Philippines,5/27/2025
67,Rex Videneev,rvideneev1u@pagesperso-orange.fr,United States,5/14/2025
68,Johny Clericoates,jclericoates1v@wikia.com,Japan,1/31/2026
69,Broderick Hane,bhane1w@examiner.com,Philippines,4/1/2025
70,Kristy McMillam,kmcmillam1x@census.gov,South Korea,12/19/2025
71,Merry Binnall,mbinnall1y@pbs.org,United States,1/13/2026
72,Ebenezer Filewood,efilewood1z@marketwatch.com,Philippines,12/19/2025
73,Teodora Massinger,tmassinger20@infoseek.co.jp,South Korea,8/7/2025
74,Dwight Cridlin,dcridlin21@latimes.com,Philippines,10/11/2025
75,Lynna Vinten,,Canada,7/30/2025
76,Doroteya Stork,dstork23@cloudflare.com,Japan,10/11/2025
77,Belinda Pettet,bpettet24@dropbox.com,Japan,2/12/2026
78,Kalila Andrey,kandrey25@ftc.gov,Japan,1/13/2026
79,Devin Stirley,dstirley26@wikispaces.com,Canada,7/13/2025
80,Lucila Barbery,lbarbery27@jimdo.com,Philippines,7/3/2025
81,Von Luxon,vluxon28@google.cn,Canada,2/27/2026
82,Tildy Riddles,triddles29@ehow.com,South Korea,6/5/2025
83,Jamesy Carrington,jcarrington2a@creativecommons.org,Philippines,9/22/2025
84,Shara Troke,stroke2b@dagondesign.com,,2/1/2026
85,Leonerd Benoey,lbenoey2c@eventbrite.com,United Kingdom,10/23/2025
86,Lin Challicum,lchallicum2d@tripod.com,United States,12/2/2025
87,Lindsay Dron,ldron2e@unicef.org,Philippines,8/10/2025
88,Felisha Atyea,fatyea2f@csmonitor.com,,6/18/2025
89,Farley Cowx,,United States,8/9/2025
90,Aloise Divisek,,,9/5/2025
91,Lanni McTerry,lmcterry2i@moonfruit.com,Philippines,6/25/2025
92,Davida Livingstone,dlivingstone2j@diigo.com,United States,10/14/2025
93,Orran Franklin,ofranklin2k@mac.com,Philippines,6/17/2025
94,Danyelle Geary,dgeary2l@com.com,Philippines,2/7/2026
95,Turner Cabrera,tcabrera2m@yahoo.com,Philippines,2/10/2026
96,Dan Ogle,dogle2n@mapquest.com,Philippines,11/14/2025
97,Stella Bouzan,sbouzan2o@dot.gov,Philippines,8/8/2025
98,Kerk Bjerkan,kbjerkan2p@wired.com,,7/9/2025
99,Ingamar Batisse,ibatisse2q@xrea.com,United States,4/10/2025
100,Appolonia Jakubowsky,ajakubowsky2r@patch.com,Canada,12/22/2025
